brand_name,generic_ingredient,strength
Crocin 500mg,Paracetamol,500mg
Dolo 650,Paracetamol,650mg
Calpol 650,Paracetamol,650mg
Disprin 325,Acetylsalicylic Acid,325mg
Ecosprin AV 75,Acetylsalicylic Acid,75mg
Aspirin 75,Acetylsalicylic Acid,75mg
Augmentin 625,Amoxicillin,500mg
Azithral 500,Azithromycin,500mg
Zithromax 500,Azithromycin,500mg
Ceftum 500,Cefuroxime,500mg
Monocef 250,Cefuroxime,250mg
Cifran 500,Ciprofloxacin,500mg
Cilox 500,Ciprofloxacin,500mg
Euglucon 5,Glimepiride,5mg
Gluconil 5mg,Glimepiride,5mg
Hydroxyzine 25,Hydroxyzine,25mg
Atarax 25,Hydroxyzine,25mg
Alprax 0.25,Alprazolam,0.25mg
Restyl 0.5,Lorazepam,0.5mg
Ativan 0.5,Lorazepam,0.5mg
Eltroxin 50,Levothyroxine,50mcg
Thyronorm 50,Levothyroxine,50mcg
Glycomet GP1,Metformin,500mg
Moxicip 400,Moxifloxacin,400mg
Pan 40,Pantoprazole,40mg
Lyrica 75,Pregabalin,75mg
Pregabid 75,Pregabalin,75mg
Tramazac 50,Tramadol,50mg
Zyrtec 10,Cetirizine,10mg
Allegra 120,Fexofenadine,120mg
