ingredient_a,ingredient_b,severity,rationale
Paracetamol,Warfarin,moderate,"Paracetamol can potentiate the anticoagulant effect of Warfarin at regular doses; monitor INR closely."
Paracetamol,Alcohol,high,"Concurrent heavy alcohol use increases the risk of hepatotoxicity with Paracetamol."
Acetylsalicylic Acid,Warfarin,high,"Aspirin enhances anticoagulant effect and can cause GI bleeding; combination requires close medical supervision."
Acetylsalicylic Acid,Ibuprofen,moderate,"NSAIDs can reduce the cardioprotective effect of low-dose aspirin; stagger dosing or avoid combination."
Metformin,Alcohol,high,"Alcohol increases the risk of lactic acidosis when taken with Metformin; avoid concurrent use."
Ciprofloxacin,Moxifloxacin,high,"Combining two fluoroquinolones increases risk of QT interval prolongation and serious cardiac arrhythmias."
Ciprofloxacin,Amoxicillin,low,"Bacteriostatic-bactericidal antagonism possible; clinical significance is debated but typically avoided in serious infections."
Azithromycin,Moxifloxacin,high,"Concurrent use of two QT-prolonging antibiotics greatly increases risk of Torsades de Pointes."
Alprazolam,Hydroxyzine,moderate,"Combined CNS depression; drowsiness, impaired coordination and respiratory depression risk are increased."
Alprazolam,Lorazepam,high,"Two benzodiazepines together markedly increase CNS depression, respiratory depression, and overdose risk."
Lorazepam,Tramadol,high,"Opioid-benzodiazepine combination substantially increases risk of respiratory depression and death."
Tramadol,Hydroxyzine,moderate,"Tramadol combined with antihistamines can cause excessive sedation and lower the seizure threshold."
Pregabalin,Lorazepam,moderate,"Combined use increases CNS and respiratory depression; lowest effective doses should be used if combination is required."
Levothyroxine,Metformin,low,"Metformin may reduce absorption of Levothyroxine; separate doses by at least 4 hours."
Glimepiride,Ciprofloxacin,moderate,"Fluoroquinolones can cause severe hypoglycaemia or hyperglycaemia in patients taking sulfonylureas; monitor blood glucose."
Pantoprazole,Metformin,low,"PPIs may modestly reduce Metformin absorption; dose separation or monitoring may be warranted in sensitive patients."
Cetirizine,Alprazolam,moderate,"Additive sedation; patients should be warned against driving or operating machinery."
Fexofenadine,Azithromycin,moderate,"Azithromycin may increase Fexofenadine plasma levels via P-gp inhibition; monitor for prolonged sedation."
Cefuroxime,Warfarin,moderate,"Cephalosporins may potentiate the anticoagulant effect of Warfarin; INR monitoring is recommended."
Paracetamol,Acetylsalicylic Acid,low,"Generally considered safe; however combining analgesics increases risk of GI side effects and should be time-limited."
